{
  "fp32": {
    "accuracy": 0.82,
    "f1_macro": 0.8164897320853196,
    "f1_weighted": 0.8164897320853195,
    "precision": 0.8552048338932438,
    "recall": 0.82
  },
  "int8": {
    "accuracy": 0.3333333333333333,
    "f1_macro": 0.16666666666666666,
    "f1_weighted": 0.16666666666666666,
    "precision": 0.1111111111111111,
    "recall": 0.3333333333333333
  },
  "comparison": {
    "accuracy": {
      "fp32": 0.82,
      "int8": 0.3333333333333333,
      "diff": -0.48666666666666664
    },
    "f1_macro": {
      "fp32": 0.8164897320853196,
      "int8": 0.16666666666666666,
      "diff": -0.649823065418653
    },
    "f1_weighted": {
      "fp32": 0.8164897320853195,
      "int8": 0.16666666666666666,
      "diff": -0.6498230654186529
    },
    "precision": {
      "fp32": 0.8552048338932438,
      "int8": 0.1111111111111111,
      "diff": -0.7440937227821327
    },
    "recall": {
      "fp32": 0.82,
      "int8": 0.3333333333333333,
      "diff": -0.48666666666666664
    }
  }
}