{
  "fp32": {
    "accuracy": 0.9756521739130435,
    "f1_macro": 0.976417597122829,
    "f1_weighted": 0.9756407224635733,
    "precision": 0.9770609770499546,
    "recall": 0.9764285714285714
  },
  "int8": {
    "accuracy": 0.34782608695652173,
    "f1_macro": 0.17204301075268816,
    "f1_weighted": 0.17952314165497896,
    "precision": 0.11594202898550725,
    "recall": 0.3333333333333333
  },
  "comparison": {
    "accuracy": {
      "fp32": 0.9756521739130435,
      "int8": 0.34782608695652173,
      "diff": -0.6278260869565218
    },
    "f1_macro": {
      "fp32": 0.976417597122829,
      "int8": 0.17204301075268816,
      "diff": -0.8043745863701409
    },
    "f1_weighted": {
      "fp32": 0.9756407224635733,
      "int8": 0.17952314165497896,
      "diff": -0.7961175808085943
    },
    "precision": {
      "fp32": 0.9770609770499546,
      "int8": 0.11594202898550725,
      "diff": -0.8611189480644474
    },
    "recall": {
      "fp32": 0.9764285714285714,
      "int8": 0.3333333333333333,
      "diff": -0.6430952380952382
    }
  }
}